{
    "mappings":{
        "properties":{
            "isassignment":{
                "type":"keyword"
            },
            "amount":{
                "type":"double"
            },
            "period":{
                "type":"integer"
            },
            "repaymentway":{
                "type":"keyword"
            },
            "consumerid":{
                "type":"long"
            },
            "userno":{
                "type":"keyword"
            },
            "description":{
                "analyzer":"ik_max_word",
                "type":"text"
            },
            "annualrate":{
                "type":"double"
            },
            "type":{
                "type":"keyword"
            },
            "borrowerannualrate":{
                "type":"double"
            },
            "projectstatus":{
                "type":"keyword"
            },
            "projectno":{
                "type":"keyword"
            },
            "commissionannualrate":{
                "type":"keyword"
            },
            "name":{
                "analyzer":"ik_max_word",
                "type":"text"
            },
            "id":{
                "type":"long"
            },
            "createdate":{
                "type":"date"
            },
            "modifydate":{
                "type":"date"
            },
            "status":{
                "type":"keyword"
            }
        }
    },
    "template":"wanxinp2p_project"
}